"","License.Serial.Number","License.Type.Name","License.Class.Code","License.Type.Code","Agency.Zone.Office.Name","Agency.Zone.Office.Number","County.Name..Licensee.","Premises.Name","Doing.Business.As..DBA.","Actual.Address.of.Premises..Address1.","Additional.Address.Information..Address2.","City","State","Zip","License.Certificate.Number","License.Original.Issue.Date","License.Effective.Date","License.Expiration.Date","Latitude","Longitude","Location"
"1",1034231,"TAVERN WINE",344,"TW","New York City",1,"NEW YORK","NUYORICAN POETS CAFE INC","NUYORICAN POETS CAFE","236 E 3RD ST","","NEW YORK","NY","10009",890827,"04/12/2013","05/10/2017","04/30/2019",40.72204847,-73.9815125,"(40.72204847, -73.9815125)"
"2",1034244,"TAVERN WINE",344,"TW","New York City",1,"NEW YORK","ANOTHEROOM INC","","249 W BROADWAY","AKA 1 3 WALKER STREET","NEW YORK","NY","10013",895159,"11/19/2001","11/01/2017","10/31/2019",40.71979883,-74.0057459,"(40.71979883, -74.0057459)"
"3",1034263,"TAVERN WINE",344,"TW","New York City",1,"NEW YORK","RENO PRODUCTIONS INC","THE WESTSIDE THEATRE","407 409 W 43RD ST","","NEW YORK","NY","10036",888551,"","03/01/2017","02/28/2019",40.75922806,-73.99244208,"(40.75922806, -73.99244208)"
"4",1109227,"TAVERN WINE",344,"TW","New York City",1,"NEW YORK","NEW 42ND STREET INC, THE","THE DUKE ON 42ND STREET","229 W 42ND ST","","NEW YORK","NY","10036",888027,"02/21/2001","02/01/2017","01/31/2019",40.75639471,-73.98778241,"(40.75639471, -73.98778241)"
"5",1120571,"TAVERN WINE",344,"TW","New York City",1,"NEW YORK","UPRIGHT CITIZENS BRIGADE LLC","UCB THEATRE","307 W 26TH ST","","NEW YORK","NY","10011",895018,"11/12/2003","12/01/2017","11/30/2019",40.74751697,-73.99761026,"(40.74751697, -73.99761026)"
"6",1135138,"TAVERN WINE",344,"TW","New York City",1,"NEW YORK","M & S MUSIC STUDIO INC","GAGOPA MUSIC STUDIO","28 W 32ND ST 3RD FLR","BROADWAY & 5TH AVE","NEW YORK","NY","10001",886354,"02/13/2003","02/01/2017","01/31/2019",40.74793464,-73.987368,"(40.74793464, -73.987368)"
"7",1151156,"TAVERN WINE",344,"TW","New York City",1,"NEW YORK","CUSTARD'S FIRST STAND LLC","SHAKE SHACK","MADISON AVE & 23RD ST","CRN MADISON AVENUE","NEW YORK","NY","10010",890924,"05/18/2005","06/01/2017","05/31/2019",40.74086206,-73.98798208,"(40.74086206, -73.98798208)"
"8",1157553,"TAVERN WINE",344,"TW","New York City",1,"NEW YORK","L A K INC","KARAOKE SING SING ST MARKS","9A SAINT MARKS PL","2ND FLOOR","NEW YORK","NY","10003",888840,"04/08/2005","04/01/2017","03/31/2019",40.72930105,-73.98935129,"(40.72930105, -73.98935129)"
"9",1161465,"TAVERN WINE",344,"TW","New York City",1,"NEW YORK","COZY CAFE CORP","","43 EAST 1ST STREET","1ST & 2ND AVENUES","NEW YORK","NY","10003",891742,"06/28/2005","06/07/2017","05/31/2019",40.72378672,-73.98983277,"(40.72378672, -73.98983277)"
"10",1161501,"TAVERN WINE",344,"TW","New York City",1,"NEW YORK","71 WINE BAR CAFE INC","BIN 71","237 COLUMBUS AVENUE","70TH & 71ST STREETS","NEW YORK","NY","10023",889953,"04/22/2005","04/03/2017","03/31/2019",40.77661768,-73.97927524,"(40.77661768, -73.97927524)"
"11",1165434,"TAVERN WINE",344,"TW","New York City",1,"NEW YORK","T R D KARAOKE INC","NEXT","43 MOTT ST","PELL & BAYARD (BASEMENT)","NEW YORK","NY","10013",889839,"04/04/2006","04/01/2017","03/31/2019",40.71537098,-73.99870405,"(40.71537098, -73.99870405)"
"12",1168714,"TAVERN WINE",344,"TW","New York City",1,"NEW YORK","THIRD BEAT LLC","MAGNET THEATER","254 W 29TH ST GROUND","","NEW YORK","NY","10001",895170,"11/30/2005","11/01/2017","10/31/2019",40.74845023,-73.99448879,"(40.74845023, -73.99448879)"
"13",1169919,"TAVERN WINE",344,"TW","New York City",1,"NEW YORK","6TH STREET REST INC","GRAPE & GRAIN","620 E 6TH STREET 2S","","NEW YORK","NY","10009",887641,"01/05/2006","01/03/2017","12/31/2018",40.72421804,-73.9811645,"(40.72421804, -73.9811645)"
"14",1169922,"TAVERN WINE",344,"TW","New York City",1,"NEW YORK","620 CAFE INC","AGAINST THE GRAIN","620 E 6TH STREET 1S","","NEW YORK","NY","100096837",895211,"11/16/2006","11/02/2017","10/31/2019",40.72421804,-73.9811645,"(40.72421804, -73.9811645)"
"15",1172693,"TAVERN WINE",344,"TW","New York City",1,"NEW YORK","JAPAN SOCIETY INC","","333 E 47TH STREET","1ST & 2ND AVENUES","NEW YORK","NY","10017",887506,"02/10/2006","02/01/2017","01/31/2019",40.75272042,-73.96911081,"(40.75272042, -73.96911081)"
"16",1177267,"TAVERN WINE",344,"TW","New York City",1,"NEW YORK","JACK'S COFFEE LLC","JACK'S STIR BREW COFFEE","138 W 10TH ST","GREENWICH AVE & WAVERLY PL","NEW YORK","NY","10014",893475,"09/06/2006","09/01/2017","08/31/2019",40.73454743,-74.00055386,"(40.73454743, -74.00055386)"
"17",1182260,"TAVERN WINE",344,"TW","New York City",1,"NEW YORK","HORSE TRADE MANAGEMENT GROUP","HORSE TRADE","94 ST MARKS PL","1ST AVE. & AVE A","NEW YORK","NY","10009",890902,"05/03/2007","05/11/2017","04/30/2019",40.72745165,-73.98511404,"(40.72745165, -73.98511404)"
"18",1185222,"TAVERN WINE",344,"TW","New York City",1,"NEW YORK","BARROW STREET THEATRE, INC.","BARROW STREET THEATRE","27 BARROW STREET","","NEW YORK","NY","10014",893330,"10/22/2007","10/01/2017","09/30/2019",40.73238114,-74.00316899,"(40.73238114, -74.00316899)"
"19",1188821,"TAVERN WINE",344,"TW","New York City",1,"NEW YORK","NRK CAFE INC","LELABAR","422 HUDSON ST","LEROY & MORTON ST.","NEW YORK","NY","10014",890837,"06/01/2007","06/01/2017","05/31/2019",40.73030609,-74.00676258,"(40.73030609, -74.00676258)"
"20",1195793,"TAVERN WINE",344,"TW","New York City",1,"NEW YORK","58 2ND AVE REST CORP","N'EAT","58 2ND AVE","3RD & 4TH STREETS","NEW YORK","NY","10003",895212,"12/19/2007","12/01/2017","11/30/2019",40.72571223,-73.98968893,"(40.72571223, -73.98968893)"
"21",1200699,"TAVERN WINE",344,"TW","New York City",1,"NEW YORK","THEATER FOR THE NEW CITY FOUNDATION INC","THEATER FOR THE NEW CITY","155 1ST AVE","9TH & 10TH STREETS","NEW YORK","NY","10003",886938,"01/07/2008","01/01/2017","12/31/2018",40.72853762,-73.98467977,"(40.72853762, -73.98467977)"
"22",1206196,"TAVERN WINE",344,"TW","New York City",1,"NEW YORK","SOLTANI TWO LLC","COCOA BAR","19 21 CLINTON ST","HOUSTON AND STANTON STS","NEW YORK","NY","10002",892077,"07/28/2008","07/01/2017","06/30/2019",40.72076166,-73.98427273,"(40.72076166, -73.98427273)"
"23",1212871,"TAVERN WINE",344,"TW","New York City",1,"NEW YORK","SHAKE SHACK 366 COLUMBUS LLC","SHAKE SHACK","366 COLUMBUS AVE","CNR 77TH ST","NEW YORK","NY","10024",892712,"09/22/2008","09/01/2017","08/31/2019",40.78097445,-73.97626482,"(40.78097445, -73.97626482)"
"24",1220699,"TAVERN WINE",344,"TW","New York City",1,"NEW YORK","VIEJO GROUP LLC","BOURGEOIS PIG","127 MACDOUGAL STREET","W 3RD & WASHIBNGTON SQ SOUTH","NEW YORK","NY","10012",891089,"06/22/2009","06/01/2017","05/31/2019",40.73054144,-74.00009553,"(40.73054144, -74.00009553)"
"25",1225809,"TAVERN WINE",344,"TW","New York City",1,"NEW YORK","STEVALANN INC","GROUND SUPPORT","399 W BROADWAY","BROOME & SPRING ST","NEW YORK","NY","10012",888554,"01/19/2010","02/15/2017","12/31/2018",40.7244587,-74.00189161,"(40.7244587, -74.00189161)"
"26",1230311,"TAVERN WINE",344,"TW","New York City",1,"NEW YORK","ELAINE KAUFMAN CULTURALCENTER/LUCY MOSES SCHOOL","MERKIN CONCERT HALL & KAUFMAN CENTER","129 W 67TH ST","BROADWAY & AMSTERDAM","NEW YORK","NY","10023",889927,"04/26/2010","04/01/2017","03/31/2019",40.77499022,-73.98276203,"(40.77499022, -73.98276203)"
"27",1238440,"TAVERN WINE",344,"TW","New York City",1,"NEW YORK","485 KINGS CORP","","485 KINGS HGWY","","BROOKLYN","NY","11223",888546,"03/11/2010","03/01/2017","02/28/2019",40.60428362,-73.9716836,"(40.60428362, -73.9716836)"
"28",1244285,"TAVERN WINE",344,"TW","New York City",1,"NEW YORK","ADE GROUP CORP","LALLISSE","161 LEXINGTON AVE","","NEW YORK","NY","10016",892627,"08/23/2010","08/01/2017","07/31/2019",40.74386098,-73.98147829,"(40.74386098, -73.98147829)"
"29",1244556,"TAVERN WINE",344,"TW","New York City",1,"NEW YORK","THINK FOURTH AVENUE LLC","THINK COFFEE","121 123 4TH AVE","","NEW YORK","NY","10003",887939,"02/14/2011","02/01/2017","01/31/2019",40.73302374,-73.98989107,"(40.73302374, -73.98989107)"
"30",1246098,"TAVERN WINE",344,"TW","New York City",1,"NEW YORK","SECOND STAGE THEATRE INC THE","","305 W 43RD STREET","","NEW YORK","NY","10036",893384,"10/04/2010","10/01/2017","09/30/2019",40.75802508,-73.98944877,"(40.75802508, -73.98944877)"
"31",1247138,"TAVERN WINE",344,"TW","New York City",1,"NEW YORK","COURTYARD MANAGEMENT CORP AND 181 VARICK ST LLC","NEW YORK MANHATTAN/SOHO COURTYARD BY MARRIOTT","181 VARICK STREET","","NEW YORK","NY","10014",893681,"11/10/2010","11/01/2017","10/31/2019",40.72759582,-74.00552526,"(40.72759582, -74.00552526)"
"32",1248488,"TAVERN WINE",344,"TW","New York City",1,"NEW YORK","HEIDI'S HOUSE LLC","HEIDI'S HOUSE BY THE SIDE OF THE ROAD","308 E 78TH STREET","STORE #2","NEW YORK","NY","10075",887273,"01/21/2011","01/01/2017","12/31/2018",40.77243314,-73.95520094,"(40.77243314, -73.95520094)"
"33",1249003,"TAVERN WINE",344,"TW","New York City",1,"NEW YORK","3D MUSIC STUDIO INC","DING DONG DANG","32 W 32ND ST","6TH FLOOR","NEW YORK","NY","10001",890221,"05/02/2011","05/01/2017","04/30/2019",40.74805068,-73.98764498,"(40.74805068, -73.98764498)"
"34",1251396,"TAVERN WINE",344,"TW","New York City",1,"NEW YORK","GHAR VENTURES INC","VIN SUR VINGT","201 W 11TH ST","STORE 6","NEW YORK","NY","10014",889818,"05/26/2011","05/01/2017","04/30/2019",40.73657076,-74.00110005,"(40.73657076, -74.00110005)"
"35",1254391,"TAVERN WINE",344,"TW","New York City",1,"NEW YORK","8617 NORTHERN BLVD CORP","DESPANA BRAND FOODS","199 LAFAYETTE ST STORE H","AKA 408 BROOME ST","NEW YORK","NY","10013",893025,"09/14/2011","09/01/2017","08/31/2019",40.7212333,-73.99786862,"(40.7212333, -73.99786862)"
"36",1255319,"TAVERN WINE",344,"TW","New York City",1,"NEW YORK","CITY SWIGGERS LLC","CITY SWIGGERS","320 E 86TH ST","","NEW YORK","NY","10028",893651,"10/19/2011","10/01/2017","09/30/2019",40.77759612,-73.95123847,"(40.77759612, -73.95123847)"
"37",1257342,"TAVERN WINE",344,"TW","New York City",1,"NEW YORK","UPRIGHT CITIZENS BRIGADE EAST VILLAGE LLC","UCB EAST","155 E 3RD ST","","NEW YORK","NY","10009",897606,"10/12/2011","10/01/2017","09/30/2019",40.72358596,-73.98501026,"(40.72358596, -73.98501026)"
"38",1258597,"TAVERN WINE",344,"TW","New York City",1,"NEW YORK","CASK AND CAVE INC","TOP HOPS BEER SHOP","94 ORCHARD ST","","NEW YORK","NY","10002",887504,"01/11/2012","01/01/2017","12/31/2018",40.71820011,-73.99017433,"(40.71820011, -73.99017433)"
"39",1258680,"TAVERN WINE",344,"TW","New York City",1,"NEW YORK","COSECHA CORP","CENTRAL CAFE BROOKLYN","108 CENTRAL AVE","","BROOKLYN","NY","11206",893989,"11/22/2011","11/01/2017","10/31/2019",NA,NA,""
"40",1259331,"TAVERN WINE",344,"TW","New York City",1,"NEW YORK","NUBLU LLC","","62 AVENUE C","","NEW YORK","NY","10009",895757,"12/30/2011","12/07/2017","11/30/2019",NA,NA,""
"41",1259614,"TAVERN WINE",344,"TW","New York City",1,"NEW YORK","DEROSSI CHELSEA LLC","PROLETARIAT","102 ST MARKS PL","","NEW YORK","NY","10009",887493,"01/13/2012","01/01/2017","12/31/2018",40.72742988,-73.98491683,"(40.72742988, -73.98491683)"
"42",1261168,"TAVERN WINE",344,"TW","New York City",1,"NEW YORK","BRICIOLA CORP","BRICIOLA","370 W 51ST ST","","NEW YORK","NY","10019",894738,"03/07/2012","08/24/2017","02/28/2019",40.76374954,-73.98762023,"(40.76374954, -73.98762023)"
"43",1261312,"TAVERN WINE",344,"TW","New York City",1,"NEW YORK","UPRIGHT HOLDINGS 547 LLC","UPRIGHT BREW HOUSE","547 HUDSON ST","","NEW YORK","NY","10014",876564,"03/28/2013","03/01/2016","02/28/2018",40.73502159,-74.00607261,"(40.73502159, -74.00607261)"
"44",1261313,"TAVERN WINE",344,"TW","New York City",1,"NEW YORK","JOMELO LLC","LA CHURRERIA","284 MULBERRY ST","SOUTH STORE","NEW YORK","NY","10012",891355,"06/12/2012","06/01/2017","05/31/2019",40.72456513,-73.99509261,"(40.72456513, -73.99509261)"
"45",1265306,"TAVERN WINE",344,"TW","New York City",1,"NEW YORK","CHOCOLATE CAKE WEST LLC","LE PIF","2058 BROADWAY","","NEW YORK","NY","10023",895356,"12/14/2012","12/01/2017","11/30/2019",40.77786533,-73.98191994,"(40.77786533, -73.98191994)"
"46",1265731,"TAVERN WINE",344,"TW","New York City",1,"NEW YORK","SLICE & CO BRICK OVEN PIZZA INC","","95 MACDOUGAL ST","STORE B","NEW YORK","NY","10012",894462,"11/07/2012","11/01/2017","10/31/2019",40.72933618,-74.00104277,"(40.72933618, -74.00104277)"
"47",1266165,"TAVERN WINE",344,"TW","New York City",1,"NEW YORK","PACE UNIVERSITY","MICHAEL SCHIMMEL CTR OF THE ARTS","3 SPRUCE ST","","NEW YORK","NY","10038",879778,"05/09/2013","05/18/2016","04/30/2018",40.71188149,-74.00604047,"(40.71188149, -74.00604047)"
"48",1266239,"TAVERN WINE",344,"TW","New York City",1,"NEW YORK","LEFKAS HOSPITALITY LLC","WAYSIDE","139 E 12TH ST","","NEW YORK","NY","10003",880487,"07/17/2013","07/01/2016","06/30/2018",40.73242973,-73.98928464,"(40.73242973, -73.98928464)"
"49",1266314,"TAVERN WINE",344,"TW","New York City",1,"NEW YORK","DOUSTAN DEVELOPMENT CORP","TWO BITS RETRO ARCADE","153 ESSEX ST","","NEW YORK","NY","10002",895304,"11/28/2012","11/08/2017","10/31/2019",40.72076367,-73.98703895,"(40.72076367, -73.98703895)"
"50",1266740,"TAVERN WINE",344,"TW","New York City",1,"NEW YORK","X AND XI LLC","ME AND YOU","224 E 10TH ST","EAST STORE","NEW YORK","NY","10003",895623,"01/22/2013","01/01/2018","12/31/2019",40.72923164,-73.98552403,"(40.72923164, -73.98552403)"
"51",1267392,"TAVERN WINE",344,"TW","New York City",1,"NEW YORK","LENOX COFFEE LLC","LENOX COFFEE","60 W 129TH ST","STORE A","NEW YORK","NY","10027",896204,"01/03/2013","01/02/2018","12/31/2019",40.80974541,-73.94228307,"(40.80974541, -73.94228307)"
"52",1268130,"TAVERN WINE",344,"TW","New York City",1,"NEW YORK","JUICERIE LLC","THE BUTCHER'S DAUGHTER","19 KENMARE ST","GROUND FLOOR/ CORNER STORE","NEW YORK","NY","10012",888638,"03/06/2013","03/01/2017","02/28/2019",40.72053362,-73.99470697,"(40.72053362, -73.99470697)"
"53",1268222,"TAVERN WINE",344,"TW","New York City",1,"NEW YORK","GOLF MANHATTAN LLC","","108 W 39TH ST","SUITE 310","NEW YORK","NY","10018",889890,"04/26/2013","04/01/2017","03/31/2019",40.75314598,-73.98598649,"(40.75314598, -73.98598649)"
"54",1268537,"TAVERN WINE",344,"TW","New York City",1,"NEW YORK","GVI BROADWAY LLC","VIN SUR VINGT","1140 BROADWAY","STORE #3","NEW YORK","NY","10001",893306,"09/25/2013","09/01/2017","08/31/2019",40.74383211,-73.98898923,"(40.74383211, -73.98898923)"
"55",1268654,"TAVERN WINE",344,"TW","New York City",1,"NEW YORK","COURTYARD MANAGEMENT CORP AND 960 ASSOCIATES LLC","COURTYARD BY MARRIOTT HERALD SQUARE","960 SIXTH AVENUE","","NEW YORK","NY","10001",891968,"07/05/2013","07/01/2017","06/30/2019",40.75026945,-73.98683182,"(40.75026945, -73.98683182)"
"56",1269401,"TAVERN WINE",344,"TW","New York City",1,"NEW YORK","SIVANDREW INC","EASTWOOD","200 CLINTON ST","AKA 221 E BROADWAY","NEW YORK","NY","10002",889512,"04/18/2013","04/01/2017","03/31/2019",40.71431906,-73.98715948,"(40.71431906, -73.98715948)"
"57",1270177,"TAVERN WINE",344,"TW","New York City",1,"NEW YORK","SUBCULTURE LLC","SUBCULTURE","45 BLEECKER ST","BASEMENT","NEW YORK","NY","10012",890353,"05/16/2013","05/01/2017","04/30/2019",40.72579681,-73.99434318,"(40.72579681, -73.99434318)"
"58",1270482,"TAVERN WINE",344,"TW","New York City",1,"NEW YORK","FAIR FOLKS AND A GOAT LLC","FAIR FOLKS AND A GOAT","96 W HOUSTON ST","","NEW YORK","NY","10012",892703,"08/21/2013","08/01/2017","07/31/2019",40.72714362,-74.00017684,"(40.72714362, -74.00017684)"
"59",1270557,"TAVERN WINE",344,"TW","New York City",1,"NEW YORK","45 FIRST AVENUE CORP","AZIZA CAFE  & LOUNGE","45 1ST AVE","","NEW YORK","NY","10003",890762,"06/05/2013","06/01/2017","05/31/2019",40.72455327,-73.98750749,"(40.72455327, -73.98750749)"
"60",1271030,"TAVERN WINE",344,"TW","New York City",1,"NEW YORK","SFK FOODS CORP","FLATIRON GREEN CAFE","FLATIRON PUBLIC PLAZA SOUTH","BETWEEN 22ND & 23RD STREETS","NEW YORK","NY","10010",882172,"09/03/2013","09/01/2017","08/31/2019",40.74088362,-73.98968486,"(40.74088362, -73.98968486)"
"61",1271227,"TAVERN WINE",344,"TW","New York City",1,"NEW YORK","EV CAFE LLC","DONOSTIA","155 AVENUE B","SOUTH STORE","NEW YORK","NY","10009",895124,"11/15/2013","11/01/2017","10/31/2019",40.72676523,-73.97996584,"(40.72676523, -73.97996584)"
"62",1271253,"TAVERN WINE",344,"TW","New York City",1,"NEW YORK","LUCY'S WHEY CARNEGIE HILL LLC","","1417 LEXINGTON AVE","STORE NO 5","NEW YORK","NY","10128",894116,"10/08/2013","10/10/2017","09/30/2019",40.78370667,-73.95249086,"(40.78370667, -73.95249086)"
"63",1271324,"TAVERN WINE",344,"TW","New York City",1,"NEW YORK","YOURE ALMOST THERE INC","BIBI","211 E 4TH ST","","NEW YORK","NY","10009",877617,"04/17/2014","04/01/2016","03/31/2018",40.72376708,-73.98368053,"(40.72376708, -73.98368053)"
"64",1271454,"TAVERN WINE",344,"TW","New York City",1,"NEW YORK","POCKET BAR 455 W 48TH CORP","POCKET BAR NYC","455 W 48TH ST","AKA 686 10TH AVE","NEW YORK","NY","10036",878488,"05/02/2014","05/01/2016","04/30/2018",40.76338802,-73.99229786,"(40.76338802, -73.99229786)"
"65",1272986,"TAVERN WINE",344,"TW","New York City",1,"NEW YORK","100 STANTON LLC","EL REY","100 STANTON ST","STORE WEST","NEW YORK","NY","10002",892794,"09/25/2013","09/01/2017","08/31/2019",40.72144412,-73.98848539,"(40.72144412, -73.98848539)"
"66",1273526,"TAVERN WINE",344,"TW","New York City",1,"NEW YORK","EVERYMAN ESPRESSO LLC","","136 E 13TH ST","","NEW YORK","NY","10003",893655,"10/21/2013","10/01/2017","09/30/2019",40.7331665,-73.98903529,"(40.7331665, -73.98903529)"
"67",1273810,"TAVERN WINE",344,"TW","New York City",1,"NEW YORK","HORSE TRADE MANAGEMENT GROUP","","85 E 4TH ST","","NEW YORK","NY","10003",896347,"09/23/2013","01/16/2018","12/31/2019",40.72646627,-73.99010471,"(40.72646627, -73.99010471)"
"68",1274100,"TAVERN WINE",344,"TW","New York City",1,"NEW YORK","PUSHCART COFFEE CHELSEA LLC","CITIZENS OF CHELSEA","401 W 25TH ST","","NEW YORK","NY","10001",895121,"11/04/2013","11/01/2017","10/31/2019",40.74780636,-74.00046551,"(40.74780636, -74.00046551)"
"69",1274624,"TAVERN WINE",344,"TW","New York City",1,"NEW YORK","EAT MADISON LLC","ELI'S ESSENTIALS","922 MADISON AVE","","NEW YORK","NY","10021",876588,"03/21/2014","03/01/2016","02/28/2018",40.77259766,-73.96482806,"(40.77259766, -73.96482806)"
"70",1274960,"TAVERN WINE",344,"TW","New York City",1,"NEW YORK","PER LEI LLC","BAR PRIMA","331 E 81ST ST","","NEW YORK","NY","10028",880815,"05/13/2014","06/24/2016","04/30/2018",40.77412478,-73.95286151,"(40.77412478, -73.95286151)"
"71",1275033,"TAVERN WINE",344,"TW","New York City",1,"NEW YORK","PAINTING LOUNGE LLC","","37 43 W 14TH ST","ROOM 401","NEW YORK","NY","10011",895361,"12/23/2013","12/01/2017","11/30/2019",40.73658101,-73.99500941,"(40.73658101, -73.99500941)"
"72",1275272,"TAVERN WINE",344,"TW","New York City",1,"NEW YORK","ESO GROUP INC","GROUND CENTRAL COFFEE COMPANY","155 E 52ND ST","STORE #2","NEW YORK","NY","10022",895346,"12/27/2013","12/01/2017","11/30/2019",40.75763565,-73.97122005,"(40.75763565, -73.97122005)"
"73",1275307,"TAVERN WINE",344,"TW","New York City",1,"NEW YORK","2BEANS INC","2BEANS","100 PARK AVE","","NEW YORK","NY","10017",875769,"02/07/2014","02/01/2016","01/31/2018",40.75096132,-73.97858587,"(40.75096132, -73.97858587)"
"74",1275622,"TAVERN WINE",344,"TW","New York City",1,"NEW YORK","TASZO COFFEE LLC","","5 EDWARD MORGAN PL","","NEW YORK","NY","10032",875767,"02/10/2014","02/01/2016","01/31/2018",40.83375051,-73.9452999,"(40.83375051, -73.9452999)"
"75",1276451,"TAVERN WINE",344,"TW","New York City",1,"NEW YORK","ARTS AND CRAFTS BEER PARLOR LLC","","26 W 8TH ST","","NEW YORK","NY","10011",876461,"03/14/2014","03/01/2016","02/28/2018",0,0,"(0.0, 0.0)"
"76",1277252,"TAVERN WINE",344,"TW","New York City",1,"NEW YORK","PIADA ON FIFTH INC","PIADA","768 5TH AVE","SPACE 18","NEW YORK","NY","10019",878241,"05/02/2014","05/01/2016","04/30/2018",40.65797,-73.99737,"(40.65797, -73.99737)"
"77",1277344,"TAVERN WINE",344,"TW","New York City",1,"NEW YORK","DEGEEST LLC","WAFELS & DINGES","15 AVENUE B","","NEW YORK","NY","10009",878306,"05/27/2014","05/01/2016","04/30/2018",40.7218,-73.98328,"(40.7218, -73.98328)"
"78",1277616,"TAVERN WINE",344,"TW","New York City",1,"NEW YORK","58TH STREET CAF? LLC","EPICERIE BOULUD","768 5TH AVE","A/K/A 1 WEST 58TH ST , # GC 17","NEW YORK","NY","10019",884863,"11/18/2014","11/01/2016","10/31/2018",40.65797,-73.99737,"(40.65797, -73.99737)"
"79",1277754,"TAVERN WINE",344,"TW","New York City",1,"NEW YORK","BAR SUZETTE LLC","BAR SUZETTE","425 W 15TH ST","KIOSK 6","NEW YORK","NY","10011",885871,"11/13/2014","11/01/2016","10/31/2018",40.74278,-74.00744,"(40.74278, -74.00744)"
"80",1278224,"TAVERN WINE",344,"TW","New York City",1,"NEW YORK","CORNELIA STREET GROUP INC","MURRAY'S CHEESE SHOP","254 BLEECKER ST","","NEW YORK","NY","10014",880915,"07/24/2014","07/01/2016","06/30/2018",40.73106,-74.00297,"(40.73106, -74.00297)"
"81",1278531,"TAVERN WINE",344,"TW","New York City",1,"NEW YORK","VILLAS LOUNGE 2 CORP","","130 132 AUDUBON AVE","","NEW YORK","NY","10032",887023,"12/23/2014","12/01/2016","11/30/2018",0,0,"(0.0, 0.0)"
"82",1279176,"TAVERN WINE",344,"TW","New York City",1,"NEW YORK","LOWER EAST SIDE TENEMENT MUSEUM","","103 ORCHARD ST","","NEW YORK","NY","10002",887470,"01/29/2015","01/01/2017","12/31/2018",40.71854,-73.99008,"(40.71854, -73.99008)"
"83",1279442,"TAVERN WINE",344,"TW","New York City",1,"NEW YORK","THIS THEATER CORP","","154 W 29TH ST","2ND FL","NEW YORK","NY","10001",880366,"07/22/2014","07/01/2016","06/30/2018",40.74733,-73.99231,"(40.74733, -73.99231)"
"84",1279833,"TAVERN WINE",344,"TW","New York City",1,"NEW YORK","BARCADE DOWNTOWN LLC","BARCADE","6 SAINT MARKS PL","","NEW YORK","NY","10003",884614,"10/03/2014","10/01/2016","09/30/2018",40.72907,-73.98956,"(40.72907, -73.98956)"
"85",1279913,"TAVERN WINE",344,"TW","New York City",1,"NEW YORK","RAMEN LAB NYC LLC","RAMEN LAB","70 80 KENMARE ST STORE 5","","NEW YORK","NY","10012",884821,"10/07/2014","10/01/2016","09/30/2018",0,0,"(0.0, 0.0)"
"86",1280021,"TAVERN WINE",344,"TW","Albany",2,"NEW YORK","ROSE PIZZA 7TH AVE INC","","1 PENN PLAZA","CONCOURSE LEVEL SPACE A","NEW YORK","NY","10019",884817,"10/24/2014","10/01/2016","09/30/2018",40.74953,-73.9916,"(40.74953, -73.9916)"
"87",1280517,"TAVERN WINE",344,"TW","New York City",1,"NEW YORK","GVI PLAZA LLC","VIN SUR VINGT","768 5TH AVE","SPACE # GC 19/21","NEW YORK","NY","10019",884612,"11/25/2014","11/01/2016","10/31/2018",40.65797,-73.99737,"(40.65797, -73.99737)"
"88",1281307,"TAVERN WINE",344,"TW","New York City",1,"NEW YORK","C & K GROCERY CORPORATION","MALT AND MOLD","362 2ND AVE","","NEW YORK","NY","10010",885655,"11/07/2014","11/01/2016","10/31/2018",40.73664,-73.98133,"(40.73664, -73.98133)"
"89",1281545,"TAVERN WINE",344,"TW","New York City",1,"NEW YORK","ARTISAN CHOCOLATES LLC","TACHE ARTISAN CHOCOLATE","254 BROOME ST","","NEW YORK","NY","10002",887782,"01/13/2015","01/11/2017","12/31/2018",40.71821,-73.9899,"(40.71821, -73.9899)"
"90",1282323,"TAVERN WINE",344,"TW","New York City",1,"NEW YORK","KAZZA CORP","","708 W 177TH ST","STORE 1","NEW YORK","NY","10033",889968,"04/13/2015","04/03/2017","03/31/2019",0,0,"(0.0, 0.0)"
"91",1282530,"TAVERN WINE",344,"TW","New York City",1,"NEW YORK","BROOME STREET FOOD AND DRINK LLC","BLACK TAP","529 BROOME ST","STORE C-104","NEW YORK","NY","10013",888536,"03/04/2015","03/01/2017","02/28/2019",40.72394,-74.00431,"(40.72394, -74.00431)"
"92",1282542,"TAVERN WINE",344,"TW","New York City",1,"NEW YORK","HANAMIZUKI INC","HANAMIZUKI CAFE BY E","143 W 29TH ST","","NEW YORK","NY","10001",888760,"03/05/2015","03/01/2017","02/28/2019",40.74753,-73.99159,"(40.74753, -73.99159)"
"93",1282607,"TAVERN WINE",344,"TW","New York City",1,"NEW YORK","THE UNCOMMONS LLC","THE UNCOMMONS","230 THOMPSON ST","","NEW YORK","NY","10012",885721,"12/19/2014","12/01/2016","11/30/2018",40.72931,-73.99863,"(40.72931, -73.99863)"
"94",1282811,"TAVERN WINE",344,"TW","New York City",1,"NEW YORK","TAKUMI TACO LLC","","75 9TH AVE","CHELSEA MARKET-KIOSK # 4 & 5","NEW YORK","NY","10011",889682,"04/01/2015","04/01/2017","03/31/2019",40.66814,-73.97429,"(40.66814, -73.97429)"
"95",1283079,"TAVERN WINE",344,"TW","New York City",1,"NEW YORK","CLINTON CRAFT LLC","PALOMA ROCKET","1 7 CLINTON ST","STORE 4","NEW YORK","NY","10002",892250,"07/16/2015","07/01/2017","06/30/2019",0,0,"(0.0, 0.0)"
"96",1283106,"TAVERN WINE",344,"TW","New York City",1,"NEW YORK","LOIS BAR LLC","LOIS BAR","98 AVENUE C","","NEW YORK","NY","10009",888672,"03/09/2015","03/01/2017","02/28/2019",40.72372,-73.97877,"(40.72372, -73.97877)"
"97",1283931,"TAVERN WINE",344,"TW","New York City",1,"NEW YORK","PAINTING LOUNGE LLC","","40 W 38TH ST","","NEW YORK","NY","10018",889788,"04/17/2015","04/01/2017","03/31/2019",40.75151,-73.98466,"(40.75151, -73.98466)"
"98",1283988,"TAVERN WINE",344,"TW","New York City",1,"NEW YORK","PAINT & SIP STUDIO NY LLC","","246 W 80TH ST","4TH FL, STUDIO 16","NEW YORK","NY","10024",890016,"04/24/2015","04/04/2017","03/31/2019",0,0,"(0.0, 0.0)"
"99",1285247,"TAVERN WINE",344,"TW","New York City",1,"NEW YORK","2580 BROADWAY INC","EARTH CAFE","2580 BROADWAY","","NEW YORK","NY","10025",890408,"05/11/2015","05/01/2017","04/30/2019",40.79538,-73.97103,"(40.79538, -73.97103)"
"100",1285734,"TAVERN WINE",344,"TW","New York City",1,"NEW YORK","SHNY PLACE LLC","SPREADHOUSE COFFEE & ART","116 SUFFOLK ST","","NEW YORK","NY","10002",892657,"07/30/2015","07/13/2017","06/30/2019",40.71889,-73.98584,"(40.71889, -73.98584)"
"101",1286029,"TAVERN WINE",344,"TW","New York City",1,"NEW YORK","ESPRESSO ROOM INC","PENNYLANE COFFEE","305 E 45TH ST","","NEW YORK","NY","10017",893938,"09/14/2015","09/29/2017","08/31/2019",40.75176,-73.96992,"(40.75176, -73.96992)"
"102",1286105,"TAVERN WINE",344,"TW","New York City",1,"NEW YORK","ACO BAKERY INC","SPOT DESSERT BAR","13 ST MARKS PLACE","LOWER LEVEL","NEW YORK","NY","10003",855381,"02/11/2016","02/11/2016","01/31/2018",40.72937,-73.98891,"(40.72937, -73.98891)"
"103",1286147,"TAVERN WINE",344,"TW","New York City",1,"NEW YORK","VOILA CHOCOLAT UWS LLC","VOILA CHOCOLAT UWS LLC","221 W 79TH ST","","NEW YORK","NY","10024",892226,"07/20/2015","07/01/2017","06/30/2019",40.78378,-73.97911,"(40.78378, -73.97911)"
"104",1286543,"TAVERN WINE",344,"TW","New York City",1,"NEW YORK","13 SULLIVAN GENTS LLC","NO 142","142 SULLIVAN ST","","NEW YORK","NY","10012",892247,"08/07/2015","08/01/2017","07/31/2019",40.7271,-74.00221,"(40.7271, -74.00221)"
"105",1286664,"TAVERN WINE",344,"TW","New York City",1,"NEW YORK","MISOHOPPY INC","CITY HOPS","1145 2ND AVE","","NEW YORK","NY","10021",897600,"12/18/2015","11/22/2017","11/30/2019",40.76133,-73.96388,"(40.76133, -73.96388)"
"106",1287234,"TAVERN WINE",344,"TW","New York City",1,"NEW YORK","NEKO CATS LLC","","26 CLINTON ST","","NEW YORK","NY","10002",893751,"10/27/2015","10/01/2017","09/30/2019",40.72043,-73.98412,"(40.72043, -73.98412)"
"107",1287309,"TAVERN WINE",344,"TW","New York City",1,"NEW YORK","DAN AND JOHNS LLC","","135 1ST AVE","STORE 4","NEW YORK","NY","10003",893833,"10/20/2015","10/01/2017","09/30/2019",40.72764,-73.98535,"(40.72764, -73.98535)"
"108",1287389,"TAVERN WINE",344,"TW","New York City",1,"NEW YORK","MUSE TRIBECA LLC","MUSE PAINTBAR","329 GREENWICH ST","","NEW YORK","NY","10013",895328,"12/16/2015","12/01/2017","11/30/2019",40.71766,-74.01025,"(40.71766, -74.01025)"
"109",1288027,"TAVERN WINE",344,"TW","New York City",1,"NEW YORK","COOKIE LADY INC","ZUCKER BAKERY","433 E 9TH ST","STORE 1","NEW YORK","NY","10009",893543,"10/20/2015","10/01/2017","09/30/2019",40.72774,-73.98327,"(40.72774, -73.98327)"
"110",1288110,"TAVERN WINE",344,"TW","New York City",1,"NEW YORK","WEBSTER GLOBAL HOLDINGS LLC","PREMIER INDOOR GOLF","1 E 28TH ST","3RD FL","NEW YORK","NY","10016",895536,"12/18/2015","12/01/2017","11/30/2019",40.7447,-73.98721,"(40.7447, -73.98721)"
"111",1289216,"TAVERN WINE",344,"TW","New York City",1,"NEW YORK","MACARON LLC","MACARON CAFE","152 W 36TH ST","","NEW YORK","NY","10018",855404,"02/16/2016","02/16/2016","01/31/2018",40.75191,-73.98905,"(40.75191, -73.98905)"
"112",1289316,"TAVERN WINE",344,"TW","New York City",1,"NEW YORK","OHMYGOSHCOFFEE LTD","GREEN NATURE COFFEE HOUSE","555 W 42ND ST","","NEW YORK","NY","10036",894080,"11/13/2015","11/01/2017","10/31/2019",40.76062,-73.99735,"(40.76062, -73.99735)"
"113",1290169,"TAVERN WINE",344,"TW","New York City",1,"NEW YORK","SCHALLER MANUFACTURING CORP","SCHALLER & WEBER","1654 2ND AVE","","NEW YORK","NY","10028",895885,"01/05/2016","01/01/2018","12/31/2019",40.7776,-73.95172,"(40.7776, -73.95172)"
"114",1290173,"TAVERN WINE",344,"TW","New York City",1,"NEW YORK","SUGAR HILL CAFE INC","SUGAR HILL CAFE","410 W 145TH ST","B1","NEW YORK","NY","10031",895867,"12/08/2015","12/12/2017","11/30/2019",40.82422,-73.9456,"(40.82422, -73.9456)"
"115",1290263,"TAVERN WINE",344,"TW","New York City",1,"NEW YORK","LEGIT CAFE INC","ROUND K","99 ALLEN ST","","NEW YORK","NY","10002",834757,"01/12/2016","12/01/2017","11/30/2019",40.71886,-73.99083,"(40.71886, -73.99083)"
"116",1290264,"TAVERN WINE",344,"TW","New York City",1,"NEW YORK","LAGUARDIA PLACE LLC","COURT STREET GROCERS LAGUARDIA PLACE","540 LAGUARDIA PL","","NEW YORK","NY","10012",895419,"12/10/2015","12/01/2017","11/30/2019",40.72867,-73.99852,"(40.72867, -73.99852)"
"117",1290530,"TAVERN WINE",344,"TW","New York City",1,"NEW YORK","BE BAMBA GROUP LLC","LAMANO WINE BAR","265 W 20TH ST","","NEW YORK","NY","10011",895575,"12/30/2015","12/01/2017","11/30/2019",40.74339,-73.99952,"(40.74339, -73.99952)"
"118",1290583,"TAVERN WINE",344,"TW","New York City",1,"NEW YORK","JAMES PERSE ENTERPRISES INC","JAMES PERSE","368 BLEECKER ST","","NEW YORK","NY","10014",864817,"12/28/2016","12/28/2016","11/30/2018",40.73474,-74.00488,"(40.73474, -74.00488)"
"119",1290799,"TAVERN WINE",344,"TW","New York City",1,"NEW YORK","JAMES PERSE ENTERPRISES INC","JAMES PERSE","1128 MADISON AVE","","NEW YORK","NY","10028",864818,"12/28/2016","12/28/2016","11/30/2018",40.77953,-73.95983,"(40.77953, -73.95983)"
"120",1291096,"TAVERN WINE",344,"TW","New York City",1,"NEW YORK","BOULE & CHERIE LLC","","170 AMSTERDAM AVE","","NEW YORK","NY","10023",863810,"05/16/2016","05/16/2016","04/30/2018",40.60329,-74.16806,"(40.60329, -74.16806)"
"121",1291141,"TAVERN WINE",344,"TW","New York City",1,"NEW YORK","BCW NYC CHELSEA MARKET LLC","BERLIN CURRYWURST","75 9TH AVE","AKA 409 W 15TH ST-KIOSK #1","NEW YORK","NY","10011",855338,"02/04/2016","02/04/2016","01/31/2018",40.74222,-74.00466,"(40.74222, -74.00466)"
"122",1291577,"TAVERN WINE",344,"TW","New York City",1,"NEW YORK","OAXACA GREENWICH LLC","OAXACA TAQUERIA","48 GREENWICH AVE","","NEW YORK","NY","10011",863623,"03/25/2016","03/25/2016","02/28/2018",40.73565,-74.0004,"(40.73565, -74.0004)"
"123",1291668,"TAVERN WINE",344,"TW","New York City",1,"NEW YORK","M CLUB GYM LLC AND THE SQUEEZE INC","MERCEDES CLUB","550 W 54TH ST","4TH FLOOR","NEW YORK","NY","10019",863607,"03/23/2016","03/23/2016","02/28/2018",40.76784,-73.99169,"(40.76784, -73.99169)"
"124",1292420,"TAVERN WINE",344,"TW","New York City",1,"NEW YORK","SCARR PIZZA LLC","SCARR PIZZA","22A ORCHARD ST","SOUTH STORE","NEW YORK","NY","10002",863534,"03/10/2016","03/10/2016","02/28/2018",40.71539,-73.99153,"(40.71539, -73.99153)"
"125",1292596,"TAVERN WINE",344,"TW","New York City",1,"NEW YORK","ARCHBISHOP FULTON J SHEEN CENTER INC","SHEEN CENTER","18 BLEECKER ST","","NEW YORK","NY","10012",863851,"05/25/2016","05/25/2016","04/30/2018",40.72542,-73.99324,"(40.72542, -73.99324)"
"126",1293240,"TAVERN WINE",344,"TW","New York City",1,"NEW YORK","GVI COLUMBUS LLC","VIN SUR VINGT","66 W 84TH ST","","NEW YORK","NY","10024",863891,"06/02/2016","06/02/2016","05/31/2018",40.78496,-73.97288,"(40.78496, -73.97288)"
"127",1293494,"TAVERN WINE",344,"TW","New York City",1,"NEW YORK","24TH ST VEGAN CAFE LLC","V SPOT GRAMERCY","241 E 24TH ST","WEST STORE","NEW YORK","NY","10010",863836,"05/19/2016","05/19/2016","04/30/2018",40.73885,-73.98087,"(40.73885, -73.98087)"
"128",1294681,"TAVERN WINE",344,"TW","New York City",1,"NEW YORK","VINTNER CAFE INC","VINTER WINE MARKET","677 9TH AVE","","NEW YORK","NY","10036",890355,"10/28/2016","06/01/2017","05/31/2019",40.76145,-73.99066,"(40.76145, -73.99066)"
"129",1294931,"TAVERN WINE",344,"TW","New York City",1,"NEW YORK","WICHCRAFT 325 BROADWAY LLC","WICHCRAFT","325 BROADWAY","","NEW YORK","NY","10007",864105,"07/18/2016","07/27/2016","06/30/2018",40.71607,-74.00489,"(40.71607, -74.00489)"
"130",1295126,"TAVERN WINE",344,"TW","New York City",1,"NEW YORK","VALLEY SHEPHERD H3 LLC & VALLEY SHEPHERD LLC","MELTKRAFT","3 HANOVER SQ","STORE #7","NEW YORK","NY","10005",864130,"08/03/2016","08/03/2016","07/31/2018",40.70482,-74.00985,"(40.70482, -74.00985)"
"131",1295172,"TAVERN WINE",344,"TW","New York City",1,"NEW YORK","DYCKMAN BILLIARDS CAFE INC","","100 DYCKMAN ST","","NEW YORK","NY","10040",864617,"11/09/2016","11/09/2016","10/31/2018",40.86172,-73.92505,"(40.86172, -73.92505)"
"132",1295641,"TAVERN WINE",344,"TW","New York City",1,"NEW YORK","CARMINE STREET BEERS INC","","52A CARMINE ST","","NEW YORK","NY","10014",864878,"01/18/2017","01/18/2017","12/31/2018",40.72984,-74.00364,"(40.72984, -74.00364)"
"133",1295832,"TAVERN WINE",344,"TW","New York City",1,"NEW YORK","KGM PARTNERS LLC","REBEL COFFEE","19 8TH AVE","","NEW YORK","NY","10014",864417,"10/05/2016","10/05/2016","09/30/2018",40.73782,-74.00472,"(40.73782, -74.00472)"
"134",1296180,"TAVERN WINE",344,"TW","New York City",1,"NEW YORK","RUE LA RUE INC","","4396 BROADWAY","","NEW YORK","NY","10040",864681,"11/22/2016","11/22/2016","10/31/2018",40.85469,-73.93332,"(40.85469, -73.93332)"
"135",1296344,"TAVERN WINE",344,"TW","New York City",1,"NEW YORK","1372 1ST AVE WINE BAR CORP","VANGUARD WINE BAR","1372 1ST AVE","","NEW YORK","NY","10021",864297,"09/13/2016","09/13/2016","08/31/2018",40.76858,-73.95522,"(40.76858, -73.95522)"
"136",1296367,"TAVERN WINE",344,"TW","New York City",1,"NEW YORK","44 PEARL ST LESSEE LLC&HERSHA HOSPITALITY MGMT LP","HAMPTON INN PEARL STREET","32 PEARL ST","","NEW YORK","NY","10004",864345,"09/22/2016","09/22/2016","08/31/2018",40.70316,-74.01241,"(40.70316, -74.01241)"
"137",1296381,"TAVERN WINE",344,"TW","New York City",1,"NEW YORK","CHALAIT CHELSEA LLC","CHALAIT","75 9TH AVE","CHELSEA MARKET - KIOSK 2","NEW YORK","NY","10011",864802,"12/21/2016","12/21/2016","11/30/2018",40.74222,-74.00466,"(40.74222, -74.00466)"
"138",1296419,"TAVERN WINE",344,"TW","New York City",1,"NEW YORK","PANAMA HAT ROASTERS LLC","DEAR MAMA","308 E 109TH ST","","NEW YORK","NY","10029",864523,"10/25/2016","10/25/2016","09/30/2018",40.79243,-73.94089,"(40.79243, -73.94089)"
"139",1296726,"TAVERN WINE",344,"TW","New York City",1,"NEW YORK","TUSCAN KITCHEN INC","","2308 ADAM CLAYTON POWELL BLVD","AKA 2308 7TH AVE","NEW YORK","NY","10030",864722,"12/02/2016","12/02/2016","11/30/2018",0,0,"(0.0, 0.0)"
"140",1296773,"TAVERN WINE",344,"TW","New York City",1,"NEW YORK","LOCAL & VINE CO CORP","","282 HUDSON ST","","NEW YORK","NY","10013",864631,"11/14/2016","11/14/2016","10/31/2018",40.72528,-74.00748,"(40.72528, -74.00748)"
"141",1296789,"TAVERN WINE",344,"TW","New York City",1,"NEW YORK","ALANA BAR CAFE LLC","","462 W 52ND ST","","NEW YORK","NY","10019",864535,"10/26/2016","10/26/2016","09/30/2018",40.76575,-73.99068,"(40.76575, -73.99068)"
"142",1296824,"TAVERN WINE",344,"TW","New York City",1,"NEW YORK","THREE SEAT ESPRESSO & BARBER LLC","THREE SEAT ESPRESSO","137 AVENUE A","ROOM BA3","NEW YORK","NY","10009",886113,"11/17/2016","11/17/2016","10/31/2018",40.72709,-73.98296,"(40.72709, -73.98296)"
"143",1296837,"TAVERN WINE",344,"TW","New York City",1,"NEW YORK","BROOKS BROTHERS RESTAURANT LLC","BROOKS BROTHERS RED FLEECE CAFE","901 BROADWAY","BASEMENT FLOOR","NEW YORK","NY","10003",864450,"10/11/2016","10/11/2016","09/30/2018",40.7392,-73.99006,"(40.7392, -73.99006)"
"144",1296874,"TAVERN WINE",344,"TW","New York City",1,"NEW YORK","SHIGEMITSU NEW YORK INC","HARBS","1374 3RD AVE","","NEW YORK","NY","10075",886077,"11/10/2016","11/10/2016","10/31/2018",40.77377,-73.95789,"(40.77377, -73.95789)"
"145",1297030,"TAVERN WINE",344,"TW","New York City",1,"NEW YORK","ALPHABET CITY BEER CO LLC","ABC BEER CO","96 AVENUE C","GROUND FLOOR","NEW YORK","NY","10009",864368,"09/27/2016","09/27/2016","08/31/2018",40.7237,-73.97895,"(40.7237, -73.97895)"
"146",1297535,"TAVERN WINE",344,"TW","New York City",1,"NEW YORK","FRANCISCO & FRANCISCO INC","POP AND POUR","200 DYCKMAN ST","STORE #8","NEW YORK","NY","10040",864850,"01/06/2017","01/06/2017","12/31/2018",40.86494,-73.92697,"(40.86494, -73.92697)"
"147",1297619,"TAVERN WINE",344,"TW","New York City",1,"NEW YORK","SOGONA ENTERPRISES INC","YERESSO LOUNGE BAR","2400 7TH AVE","BASEMENT","NEW YORK","NY","10030",865284,"04/12/2017","04/12/2017","03/31/2019",40.81855,-73.94152,"(40.81855, -73.94152)"
"148",1297953,"TAVERN WINE",344,"TW","New York City",1,"NEW YORK","552 FRAME INC","FRAME","552 7TH AVE","","NEW YORK","NY","10018",864829,"12/29/2016","12/29/2016","11/30/2018",40.75458,-73.98824,"(40.75458, -73.98824)"
"149",1298430,"TAVERN WINE",344,"TW","New York City",1,"NEW YORK","RIVER COYOTE LLC","","121 LUDLOW ST","","NEW YORK","NY","10002",865084,"03/02/2017","03/02/2017","02/28/2019",40.71967,-73.98868,"(40.71967, -73.98868)"
"150",1298436,"TAVERN WINE",344,"TW","New York City",1,"NEW YORK","SERENGETI EXPRESS LLC","SERENGETI KITCHEN","22 E 125TH ST","","NEW YORK","NY","10035",865288,"04/13/2017","04/13/2017","03/31/2019",40.80582,-73.94127,"(40.80582, -73.94127)"
"151",1298915,"TAVERN WINE",344,"TW","New York City",1,"NEW YORK","NUCHAS TSQ LLC","NUCHAS","PEDESTRIAN PLAZA CONCESSION 7","","NEW YORK","NY","10036",864845,"01/05/2017","01/05/2017","12/31/2018",0,0,"(0.0, 0.0)"
"152",1299010,"TAVERN WINE",344,"TW","New York City",1,"NEW YORK","PAINTING LOUNGE LLC","","15 W 116TH ST","","NEW YORK","NY","10026",865398,"05/11/2017","05/11/2017","04/30/2019",40.80128,-73.94715,"(40.80128, -73.94715)"
"153",1299056,"TAVERN WINE",344,"TW","New York City",1,"NEW YORK","SOHO MARKET & BEER MERCHANTS INC","BEERZAAR","213 6TH AVE","","NEW YORK","NY","10014",881576,"06/26/2017","06/26/2017","05/31/2019",40.72751,-74.00341,"(40.72751, -74.00341)"
"154",1299179,"TAVERN WINE",344,"TW","New York City",1,"NEW YORK","CHILLHOUSE 149 LLC","CHILLHOUSE","149 ESSEX ST","","NEW YORK","NY","10002",865132,"03/16/2017","03/16/2017","02/28/2019",40.72067,-73.98727,"(40.72067, -73.98727)"
"155",1299192,"TAVERN WINE",344,"TW","New York City",1,"NEW YORK","WICHCRAFT 1407 BROADWAY LLC","WICHCRAFT","1407 BROADWAY","SPACE A","NEW YORK","NY","10018",881510,"06/13/2017","06/13/2017","05/31/2019",40.75315,-73.98744,"(40.75315, -73.98744)"
"156",1299237,"TAVERN WINE",344,"TW","New York City",1,"NEW YORK","GREEN APPLE 37 INC","","20 W 37TH ST","","NEW YORK","NY","10018",865027,"02/16/2017","02/16/2017","01/31/2019",40.75078,-73.98447,"(40.75078, -73.98447)"
"157",1299339,"TAVERN WINE",344,"TW","New York City",1,"NEW YORK","IDEA DISTILLERY LLC, THE","","21A CLINTON ST","","NEW YORK","NY","10002",881833,"08/30/2017","08/30/2017","07/31/2019",40.72069,-73.98431,"(40.72069, -73.98431)"
"158",1299575,"TAVERN WINE",344,"TW","New York City",1,"NEW YORK","LIBERTY THEATERS LLC","MINETTA LANE THEATRE","18-22 MINETTA LN","","NEW YORK","NY","10012",865146,"03/20/2017","03/20/2017","02/28/2019",40.73032,-74.00102,"(40.73032, -74.00102)"
"159",1299965,"TAVERN WINE",344,"TW","New York City",1,"NEW YORK","KS FAMILY CORP","BEAN N BEAN","320 8TH AVE","260 W 26TH ST","NEW YORK","NY","10001",865057,"02/24/2017","02/24/2017","01/31/2019",40.66897,-73.97677,"(40.66897, -73.97677)"
"160",1300225,"TAVERN WINE",344,"TW","New York City",1,"NEW YORK","NADICO HOTEL LLC","ORCHARD STREET HOTEL","163 ORCHARD ST","FL 2","NEW YORK","NY","10002",881800,"08/22/2017","08/22/2017","07/31/2019",40.72113,-73.9888,"(40.72113, -73.9888)"
"161",1300271,"TAVERN WINE",344,"TW","New York City",1,"NEW YORK","WILD PROJECT PRODUCTIONS INC","WILD PROJECT","195 E 3RD ST","","NEW YORK","NY","10009",865112,"03/09/2017","03/09/2017","02/28/2019",40.72294,-73.98336,"(40.72294, -73.98336)"
"162",1300344,"TAVERN WINE",344,"TW","New York City",1,"NEW YORK","FORGROUND INC","","8 E 41ST ST","","NEW YORK","NY","10017",865191,"03/28/2017","03/28/2017","02/28/2019",40.75245,-73.98081,"(40.75245, -73.98081)"
"163",1300390,"TAVERN WINE",344,"TW","New York City",1,"NEW YORK","CLO CONCESSIONS LLC","","30 32 34 W 13TH ST","","NEW YORK","NY","10011",865280,"04/12/2017","04/12/2017","03/31/2019",0,0,"(0.0, 0.0)"
"164",1300569,"TAVERN WINE",344,"TW","New York City",1,"NEW YORK","LUDLOW COFFEE SUPPLY LLC","LUDLOW COFFEE SUPPLY","176 LUDLOW ST","","NEW YORK","NY","10002",865294,"04/14/2017","04/14/2017","03/31/2019",40.72168,-73.98742,"(40.72168, -73.98742)"
"165",1300717,"TAVERN WINE",344,"TW","New York City",1,"NEW YORK","MAPO GALMAEGI CORP","MAUI ONION","35 W 26TH ST","","NEW YORK","NY","10010",865324,"04/25/2017","04/25/2017","03/31/2019",40.74444,-73.99029,"(40.74444, -73.99029)"
"166",1300788,"TAVERN WINE",344,"TW","New York City",1,"NEW YORK","GREAT PERFORMANCES ARTISTS AS WAITRESSES INC","GREAT PERFORMANCES AT 548","548 W 22ND ST","","NEW YORK","NY","10011",865307,"04/20/2017","04/20/2017","03/31/2019",40.74787,-74.00693,"(40.74787, -74.00693)"
"167",1301124,"TAVERN WINE",344,"TW","New York City",1,"NEW YORK","HEIDI'S HOUSE LLC","ED'S ELBOW ROOM","308 E 78TH ST - STORE#3","STORE 3","NEW YORK","NY","10075",881838,"08/31/2017","08/31/2017","07/31/2019",40.77229,-73.95494,"(40.77229, -73.95494)"
"168",1301603,"TAVERN WINE",344,"TW","New York City",1,"NEW YORK","2BEANS INC","","817 AVENUE OF THE AMERICAS","","NEW YORK","NY","10001",865479,"06/01/2017","06/01/2017","05/31/2019",40.74615,-73.99051,"(40.74615, -73.99051)"
"169",1301606,"TAVERN WINE",344,"TW","New York City",1,"NEW YORK","RANGE NYC LLC, THE","FIVE IRON GOLF","138 5TH AVE","","NEW YORK","NY","10011",881609,"07/05/2017","07/05/2017","06/30/2019",40.73898,-73.99166,"(40.73898, -73.99166)"
"170",1301951,"TAVERN WINE",344,"TW","New York City",1,"NEW YORK","SNACKBOX NYC LLC","SNACKBOX","BROADWAY BETWEEN 46TH&47TH ST","CONCESSION","NEW YORK","NY","10036",882067,"10/20/2017","10/20/2017","09/30/2019",0,0,"(0.0, 0.0)"
"171",1302086,"TAVERN WINE",344,"TW","New York City",1,"NEW YORK","FDOTG LLC","FRANKIE'S DOGS ON THE GO","23 VANDERBILT AVE -SPACE# K-03","","NEW YORK","NY","10017",881516,"06/14/2017","06/14/2017","05/31/2019",0,0,"(0.0, 0.0)"
"172",1302692,"TAVERN WINE",344,"TW","New York City",1,"NEW YORK","97 COFFEE & WINE LLC","","24 E 97TH ST","","NEW YORK","NY","10029",894795,"09/13/2017","09/13/2017","08/31/2019",40.78793,-73.95397,"(40.78793, -73.95397)"
"173",1302995,"TAVERN WINE",344,"TW","New York City",1,"NEW YORK","BESTE BAT LLC","LENA","135 137 ELDRIDGE ST","","NEW YORK","NY","10002",881795,"08/22/2017","08/22/2017","07/31/2019",0,0,"(0.0, 0.0)"
"174",1302934,"TAVERN WINE",344,"TW","New York City",1,"NEW YORK","REGAL GOURMET DELI INC","","201 W 14TH ST","","NEW YORK","NY","10011",881881,"09/12/2017","09/12/2017","08/31/2019",40.73878,-73.99977,"(40.73878, -73.99977)"
"175",1303099,"TAVERN WINE",344,"TW","New York City",1,"NEW YORK","WEST 3RD STREET COFFEE CORP","IRVING FARM COFFEE ROASTERS","78 W 3RD ST","","NEW YORK","NY","10012",881846,"09/01/2017","09/01/2017","08/31/2019",40.72967,-73.99878,"(40.72967, -73.99878)"
"176",1303262,"TAVERN WINE",344,"TW","New York City",1,"NEW YORK","TANNAT WINE & CHEESE LLC","","4736 BROADWAY","","NEW YORK","NY","10040",882170,"11/13/2017","11/13/2017","10/31/2019",40.86499,-73.92814,"(40.86499, -73.92814)"
"177",1303294,"TAVERN WINE",344,"TW","New York City",1,"NEW YORK","TEAMWORKON3 LLC","","2007 LEXINGTON AVE","","NEW YORK","NY","10035",897773,"01/18/2018","01/18/2018","12/31/2019",40.80247,-73.93862,"(40.80247, -73.93862)"
"178",1303308,"TAVERN WINE",344,"TW","New York City",1,"NEW YORK","GALLERY SENSEI LLC","SENSEI","135 ELDRIDGE ST","","NEW YORK","NY","10002",881859,"09/06/2017","09/06/2017","01/31/2019",40.71907,-73.99162,"(40.71907, -73.99162)"
"179",1303319,"TAVERN WINE",344,"TW","New York City",1,"NEW YORK","1 PIKE CORP","","1 PIKE ST","STORE B,C","NEW YORK","NY","10002",881842,"08/31/2017","08/31/2017","07/31/2019",40.71423,-73.9924,"(40.71423, -73.9924)"
"180",1303550,"TAVERN WINE",344,"TW","New York City",1,"NEW YORK","FEDERICOS RESTAURANT INC","TOLOACHE","00 BROADWAY PLAZA","BWTN 42ND AND 43RD ST","NEW YORK","NY","10036",881784,"08/18/2017","08/18/2017","07/31/2019",0,0,"(0.0, 0.0)"
"181",1303606,"TAVERN WINE",344,"TW","New York City",1,"NEW YORK","GVI TRIBECA LLC","VIN SUR VINGT","66 WEST BROADWAY","STORE 7","NEW YORK","NY","10007",894839,"09/21/2017","09/21/2017","08/31/2019",40.71466,-74.01009,"(40.71466, -74.01009)"
"182",1303753,"TAVERN WINE",344,"TW","New York City",1,"NEW YORK","ANGEL NYC INC","RABBIT CLUB","124 MACDOUGAL ST","BASEMENT NORTH","NEW YORK","NY","10012",881883,"09/12/2017","09/12/2017","08/31/2019",40.72998,-74.00039,"(40.72998, -74.00039)"
"183",1303837,"TAVERN WINE",344,"TW","New York City",1,"NEW YORK","ROSE&BASIL LLC","ROSE & BASIL","104 E 7TH ST","","NEW YORK","NY","10009",881972,"09/19/2017","09/19/2017","08/31/2019",40.72654,-73.98494,"(40.72654, -73.98494)"
"184",1303883,"TAVERN WINE",344,"TW","New York City",1,"NEW YORK","62 CARMINE CORP","CODINO","62 CARMINE ST","","NEW YORK","NY","10014",882091,"10/25/2017","10/25/2017","09/30/2019",40.72969,-74.00412,"(40.72969, -74.00412)"
"185",1304118,"TAVERN WINE",344,"TW","New York City",1,"NEW YORK","MOIRA JUNE CARINGAL INC","ROOM 1705","1705 1ST AVE","","NEW YORK","NY","10128",881839,"08/31/2017","08/31/2017","07/31/2019",40.77855,-73.94839,"(40.77855, -73.94839)"
"186",1304305,"TAVERN WINE",344,"TW","New York City",1,"NEW YORK","RINCONCITO BILLARD CLUB INC","","1846 AMSTERDAM AVE","","NEW YORK","NY","10031",882020,"10/13/2017","10/13/2017","09/30/2019",40.82933,-73.94484,"(40.82933, -73.94484)"
"187",1304327,"TAVERN WINE",344,"TW","New York City",1,"NEW YORK","STORE 2 BABETH'S FEAST LLC","BABETH'S FEAST","309 AMSTERDAM AVE","","NEW YORK","NY","10023",881974,"10/04/2017","10/04/2017","09/30/2019",40.78016,-73.98029,"(40.78016, -73.98029)"
"188",1304464,"TAVERN WINE",344,"TW","New York City",1,"NEW YORK","CK 14 TO GO LLC","THE RED HEN","235 W 14TH ST","","NEW YORK","NY","10011",894980,"10/24/2017","10/24/2017","09/30/2019",40.73933,-74.00109,"(40.73933, -74.00109)"
"189",1304554,"TAVERN WINE",344,"TW","New York City",1,"NEW YORK","MAMA'S PIZZA TOO LLC","","2750 BROADWAY","","NEW YORK","NY","10025",882226,"11/28/2017","11/28/2017","10/31/2019",40.80083,-73.96766,"(40.80083, -73.96766)"
"190",1304585,"TAVERN WINE",344,"TW","New York City",1,"NEW YORK","TD AB LLC","29B","29 AVENUE B","STORE 2","NEW YORK","NY","10009",882090,"10/25/2017","10/25/2017","09/30/2019",40.72248,-73.98297,"(40.72248, -73.98297)"
"191",1304602,"TAVERN WINE",344,"TW","New York City",1,"NEW YORK","BKUK 1 CORPORATION","PECORINO PIZZERIA","197 7TH AVE","STORE #2","NEW YORK","NY","10011",882383,"01/09/2018","01/09/2018","12/31/2019",40.74304,-73.99619,"(40.74304, -73.99619)"
"192",1304927,"TAVERN WINE",344,"TW","New York City",1,"NEW YORK","FT 328 LLC","BAR VELOCE","328 W 12TH ST","","NEW YORK","NY","10014",882036,"10/16/2017","10/16/2017","09/30/2019",40.73746,-74.00661,"(40.73746, -74.00661)"
"193",1304941,"TAVERN WINE",344,"TW","New York City",1,"NEW YORK","AAA PIZZA CORP","LITTLE ITALY PIZZA","11 PARK PL, STORE A","STORE A","NEW YORK","NY","10007",882081,"10/24/2017","10/24/2017","09/30/2019",40.713,-74.00834,"(40.713, -74.00834)"
"194",1305184,"TAVERN WINE",344,"TW","New York City",1,"NEW YORK","SUSHI ON WEST 10TH LLC","SUSHI ON JONES","210 W 10TH ST","UNIT 2","NEW YORK","NY","10014",882269,"12/06/2017","12/06/2017","11/30/2019",40.73399,-74.00418,"(40.73399, -74.00418)"
"195",1306600,"TAVERN WINE",344,"TW","New York City",1,"NEW YORK","AVOCADO APPETIT INC","AVOCADO APPETIT BAR & CAFE","112 ELDRIDGE ST","NORTH STORE","NEW YORK","NY","10002",882379,"01/08/2018","01/08/2018","12/31/2019",40.71816,-73.99186,"(40.71816, -73.99186)"
